MAC,Vendor
b4:a7:c6:ca:4f:4a,SERVERCOM (INDIA) PRIVATE LIMITED
54:46:17:32:e2:5c,zte corporation
50:91:e3:01:19:5a,TP-Link Corporation Limited
14:07:08:a3:4f:67,CP PLUS GMBH & CO. KG
e0:ba:ad:fe:45:0f,"Hangzhou Hikvision Digital Technology Co.,Ltd."
c8:40:52:52:be:c4,PAX Computer Technology(Shenzhen) Ltd.
84:b8:b8:38:4f:62,"Motorola (Wuhan) Mobility Technologies Communication Co., Ltd."
28:24:ff:cc:d4:d6,"Wistron Neweb Corporation"
c0:18:03:ea:47:4e,"HP Inc."
80:e8:2c:f6:54:40,"Hewlett Packard"
ce:a8:4b:4e:e8:1e,Unknown
ce:10:8a:d1:de:c3,Unknown
c6:ff:6b:de:9d:4c,Unknown
ce:ec:1e:f2:25:62,Unknown
ba:d2:79:7e:d4:43,Unknown
02:0b:de:09:3c:84,Unknown
96:7e:a7:1d:00:9a,relame GT NEO 3T
7a:33:cc:eb:1c:55,Unknown
46:24:ce:69:f4:09,Unknown
44:1a:84:82:a8:4e,"Quectel Wireless Solutions Co.,Ltd."
90:df:7d:bf:59:07,"Realme Chongqing Mobile Telecommunications Corp.,Ltd."
ea:cd:1d:be:36:fd,Unknown
bc:2b:02:c2:8f:c5,CHINA DRAGON TECHNOLOGY LIMITED
e0:ba:ad:fe:45:01,"Hangzhou Hikvision Digital Technology Co.,Ltd."
2c:71:ff:26:d5:56,Amazon Technologies Inc.
06:9a:6a:a9:e0:ca,Unknown
7a:e5:50:b9:c3:30,Unknown
b0:52:16:14:24:4f,Unknown
1a:1c:b9:9c:88:88,Unknown
44:e4:ee:48:ee:75,Wistron Neweb Corporation
82:7c:48:e7:c1:2c,Unknown
b2:25:e3:1d:cc:ce,Unknown
2e:bd:ff:1e:de:54,Unknown
00:fa:de:3f:91:82,Unknown
26:86:fa:e6:fe:98,Unknown
b2:27:91:ea:d8:ee,Unknown
ae:03:9a:1f:f0:b2,Unknown
6a:e4:f4:c3:39:93,Unknown
